供应商,SKU,规格,色名,hex,数量,备料参考
tuzuan,PC-10-3,3mm,tuzuan/PC-10-3,#2E3E6F,408,清单已更新（rev 3→4）
tuzuan,3770,3mm,tuzuan/3770,#E5D8C7,259,清单已更新（rev 3→4）
tuzuan,3818AB,3mm,tuzuan/3818AB,#1D522D,213,清单已更新（rev 3→4）
tuzuan,PW-3,3mm,tuzuan/PW-3,#E6E7E5,158,清单已更新（rev 3→4）
tuzuan,225,3mm,tuzuan/225,#ECC7BC,48,清单已更新（rev 3→4）
tuzuan,DT-06,2.7mm,tuzuan/DT-06,#A72C30,32,清单已更新（rev 3→4）
tuzuan,PC-08-3,3mm,tuzuan/PC-08-3,#3C7541,27,清单已更新（rev 3→4）
tuzuan,Q014,5mm,tuzuan/Q014,#C33125,8,清单已更新（rev 3→4）
tuzuan,204-3772,3mm,tuzuan/204-3772,#82552B,7,清单已更新（rev 3→4）
tuzuan,DT-11,2.7mm,tuzuan/DT-11,#AB7442,6,清单已更新（rev 3→4）
tuzuan,Q154,4mm,tuzuan/Q154,#E4C277,6,清单已更新（rev 3→4）
合计,,,,,1172,
